id,first_name,last_name,email
1,Rudolf,Monelle,rmonelle0@cargocollective.com
2,Elsinore,Hawk,ehawk1@surveymonkey.com
3,Grier,Rubke,grubke2@smh.com.au
4,Emery,Lafferty,elafferty3@i2i.jp
5,Cammi,McGee,cmcgee4@edublogs.org
6,Alleen,Burlingham,aburlingham5@google.com.br
7,Leoline,Canedo,lcanedo6@ifeng.com
8,Kelsey,Abraham,kabraham7@nbcnews.com
9,Margot,Calderon,mcalderon8@fda.gov
10,Beale,Cawthery,bcawthery9@biglobe.ne.jp
11,Daniela,Ellingford,dellingforda@state.tx.us
12,Jazmin,Crayke,jcraykeb@cargocollective.com
13,Craig,Rottgers,crottgersc@freewebs.com
14,Marcelia,Doe,mdoed@digg.com
15,Jacintha,Dewhirst,jdewhirste@ycombinator.com
16,Dorise,Coomber,dcoomberf@google.de
17,Roslyn,Cavill,rcavillg@spotify.com
18,Marcelle,Fodden,mfoddenh@twitter.com
19,Maryann,Greedier,mgreedieri@livejournal.com
20,Alistair,Tinto,atintoj@state.tx.us
21,Ragnar,Cosgrove,rcosgrovek@networksolutions.com
22,Mayer,Stuchburie,mstuchburiel@admin.ch
23,Yelena,Curror,ycurrorm@infoseek.co.jp
24,Hans,Vogeler,hvogelern@howstuffworks.com
25,Nefen,Ponting,npontingo@cbc.ca
26,Babb,Riddel,briddelp@digg.com
27,Jethro,Madgewick,jmadgewickq@usa.gov
28,Andi,Ferson,afersonr@dagondesign.com
29,Bord,Clemenzo,bclemenzos@si.edu
30,Burl,Jacquet,bjacquett@abc.net.au
31,Felisha,Epps,feppsu@usda.gov
32,Lucinda,Gippes,lgippesv@nytimes.com
33,Othilia,Crathern,ocrathernw@businessinsider.com
34,Mortimer,Fuggle,mfugglex@biglobe.ne.jp
35,Melitta,Guitonneau,mguitonneauy@odnoklassniki.ru
36,Karisa,Matushenko,kmatushenkoz@4shared.com
37,Sheelagh,Seczyk,sseczyk10@linkedin.com
38,Veronike,Leggett,vleggett11@cocolog-nifty.com
39,Ashla,Viggers,aviggers12@disqus.com
40,Chryste,Bartleet,cbartleet13@nbcnews.com
41,Kris,Malicki,kmalicki14@google.de
42,Fletch,Mosdell,fmosdell15@noaa.gov
43,Evin,Boodle,eboodle16@ox.ac.uk
44,Ari,Longcaster,alongcaster17@bbb.org
45,Wrennie,Graham,wgraham18@marketwatch.com
46,Bob,Farnell,bfarnell19@flickr.com
47,Herby,Bloxholm,hbloxholm1a@reverbnation.com
48,Sayre,Slixby,sslixby1b@bbc.co.uk
49,Isadore,Noseworthy,inoseworthy1c@telegraph.co.uk
50,Doralyn,Spurden,dspurden1d@360.cn
51,Shanda,Yurasov,syurasov1e@wp.com
52,Jordon,Kippax,jkippax1f@parallels.com
53,Craggie,Jane,cjane1g@technorati.com
54,Gwenni,Kensy,gkensy1h@fda.gov
55,Merrick,Dugall,mdugall1i@creativecommons.org
56,Margette,Kubach,mkubach1j@upenn.edu
57,Mario,La Padula,mlapadula1k@tinyurl.com
58,Sergeant,Peyton,speyton1l@jiathis.com
59,Obidiah,Simonou,osimonou1m@columbia.edu
60,Sawyere,Whyman,swhyman1n@slate.com
61,Emma,Vickors,evickors1o@creativecommons.org
62,Kat,Segge,ksegge1p@4shared.com
63,Hattie,Rous,hrous1q@posterous.com
64,Giffard,Ruseworth,gruseworth1r@yahoo.com
65,Ingemar,Aitcheson,iaitcheson1s@yandex.ru
66,Smith,Dadley,sdadley1t@comcast.net
67,Bianka,Paulino,bpaulino1u@themeforest.net
68,Anny,Siss,asiss1v@pagesperso-orange.fr
69,Stephine,Petrak,spetrak1w@unc.edu
70,Amelie,Crowcombe,acrowcombe1x@g.co
71,Michaella,Starcks,mstarcks1y@sphinn.com
72,Grace,Spencock,gspencock1z@who.int
73,Connie,Gettone,cgettone20@seesaa.net
74,Ashton,Poltun,apoltun21@etsy.com
75,Karna,Mixter,kmixter22@cdc.gov
76,Shaun,Fumagall,sfumagall23@unicef.org
77,Shelden,Grattan,sgrattan24@mail.ru
78,Nerta,Mayfield,nmayfield25@blogger.com
79,Odie,Rasper,orasper26@nytimes.com
80,Mattie,Provest,mprovest27@huffingtonpost.com
81,Whitney,Earland,wearland28@bloglovin.com
82,Cyndy,Rosberg,crosberg29@unblog.fr
83,Arabel,Delagua,adelagua2a@virginia.edu
84,Jarid,Rousell,jrousell2b@zimbio.com
85,Berkly,Ashburner,bashburner2c@newsvine.com
86,Gail,Yeskov,gyeskov2d@boston.com
87,Jermain,Noonan,jnoonan2e@blogtalkradio.com
88,Tatiana,Cutcliffe,tcutcliffe2f@bbc.co.uk
89,Ephrayim,Georger,egeorger2g@qq.com
90,Georgina,Amiss,gamiss2h@twitpic.com
91,Melany,Curnnokk,mcurnnokk2i@hatena.ne.jp
92,Marie-jeanne,Oliffe,moliffe2j@opera.com
93,Meaghan,Dauber,mdauber2k@twitter.com
94,Jo,Pheasant,jpheasant2l@hud.gov
95,Ron,Marciek,rmarciek2m@tripadvisor.com
96,Xylia,Seaborne,xseaborne2n@storify.com
97,Claire,Pierucci,cpierucci2o@deviantart.com
98,Oliy,Ravenhill,oravenhill2p@comcast.net
99,Sandie,Tinan,stinan2q@house.gov
100,Nickolai,Castelin,ncastelin2r@cbslocal.com
101,Angel,Sherston,asherston2s@shinystat.com
102,Iver,Catanheira,icatanheira2t@cbslocal.com
103,Onofredo,Creswell,ocreswell2u@irs.gov
104,Lou,Cragoe,lcragoe2v@tripadvisor.com
105,Darius,Itzkin,ditzkin2w@unc.edu
106,Gerhardine,MacGowan,gmacgowan2x@pinterest.com
107,Cornela,Mouse,cmouse2y@gizmodo.com
108,Alvinia,Vivyan,avivyan2z@dailymotion.com
109,Hadrian,Tocknell,htocknell30@reuters.com
110,Bruis,Tooher,btooher31@ebay.com
111,Ody,Dobbins,odobbins32@senate.gov
112,Maure,Jebb,mjebb33@google.co.jp
113,Micheil,Anstey,manstey34@wired.com
114,Blinnie,Chasles,bchasles35@ocn.ne.jp
115,Emogene,Boerderman,eboerderman36@marketwatch.com
116,Denna,Marchent,dmarchent37@i2i.jp
117,Ansel,Tomczykiewicz,atomczykiewicz38@zimbio.com
118,Nanni,Hellin,nhellin39@cbsnews.com
119,Shirlee,Bazeley,sbazeley3a@domainmarket.com
120,Noel,Cawthera,ncawthera3b@phoca.cz
121,Elaina,Cassidy,ecassidy3c@xrea.com
122,Flossi,Lafont,flafont3d@ft.com
123,Corrianne,Occleshaw,coccleshaw3e@google.com.au
124,Giovanna,Corris,gcorris3f@ucoz.com
125,Haslett,Van de Velde,hvandevelde3g@cbslocal.com
126,Yovonnda,Wroth,ywroth3h@jalbum.net
127,Janaye,Galloway,jgalloway3i@alexa.com
128,Rafaellle,Feria,rferia3j@patch.com
129,Richy,Lethabridge,rlethabridge3k@princeton.edu
130,Bernhard,Del Dello,bdeldello3l@storify.com
131,Edik,Rentz,erentz3m@stumbleupon.com
132,Tildi,Nolleth,tnolleth3n@multiply.com
133,Maddalena,Bendall,mbendall3o@sciencedirect.com
134,Cristen,Gregorin,cgregorin3p@i2i.jp
135,Gaston,Sinnocke,gsinnocke3q@ebay.com
136,Jonah,Treagust,jtreagust3r@jigsy.com
137,Carmencita,Bartosek,cbartosek3s@biglobe.ne.jp
138,Octavius,Attryde,oattryde3t@virginia.edu
139,Derk,Dibbin,ddibbin3u@marriott.com
140,Hamid,Rizzotto,hrizzotto3v@imgur.com
141,Farrah,Scones,fscones3w@issuu.com
142,Sheela,Lawry,slawry3x@artisteer.com
143,Jerrome,Hardway,jhardway3y@oracle.com
144,Broddy,MacDowall,bmacdowall3z@icq.com
145,Gabbie,Matterface,gmatterface40@ning.com
146,Cathleen,Jaggi,cjaggi41@ehow.com
147,Stillman,Goldie,sgoldie42@parallels.com
148,Adaline,Hedditeh,ahedditeh43@bloglines.com
149,Sean,Maultby,smaultby44@xrea.com
150,Gamaliel,Hamflett,ghamflett45@eventbrite.com
151,Ellissa,Raffan,eraffan46@angelfire.com
152,Thorsten,Tittletross,ttittletross47@arstechnica.com
153,Marilee,Klimschak,mklimschak48@cbslocal.com
154,Karee,Quartley,kquartley49@ftc.gov
155,Analiese,Loveard,aloveard4a@nasa.gov
156,Roz,Kemmett,rkemmett4b@drupal.org
157,Antoine,Toma,atoma4c@bbb.org
158,Christabella,Talton,ctalton4d@slate.com
159,Hughie,Farnish,hfarnish4e@drupal.org
160,Joy,Ivankov,jivankov4f@mashable.com
161,Bonita,Jimeno,bjimeno4g@opensource.org
162,Norton,Whitehurst,nwhitehurst4h@ftc.gov
163,Alfred,Ricardot,aricardot4i@myspace.com
164,Frankie,Aldis,faldis4j@cornell.edu
165,Jule,Froggatt,jfroggatt4k@miibeian.gov.cn
166,Eugen,Heningam,eheningam4l@nasa.gov
167,Humberto,Covill,hcovill4m@addtoany.com
168,Cobb,Faughey,cfaughey4n@theatlantic.com
169,Doralin,Lavery,dlavery4o@ucla.edu
170,Allegra,Everist,aeverist4p@cloudflare.com
171,Penni,Dyet,pdyet4q@alibaba.com
172,Clive,Symones,csymones4r@google.cn
173,Horatia,Leyshon,hleyshon4s@vk.com
174,Joshia,Burtonwood,jburtonwood4t@irs.gov
175,Godart,Cammack,gcammack4u@seesaa.net
176,Ynez,McGinlay,ymcginlay4v@theguardian.com
177,Standford,Kosiada,skosiada4w@paypal.com
178,Lynnea,Espinazo,lespinazo4x@skype.com
179,Gray,Knibbs,gknibbs4y@chron.com
180,Roanna,Eckh,reckh4z@jigsy.com
181,Minetta,Niven,mniven50@arstechnica.com
182,Ede,Bradbrook,ebradbrook51@woothemes.com
183,Cris,Labbey,clabbey52@vkontakte.ru
184,Ardra,Bucklan,abucklan53@wikipedia.org
185,Grantham,Gorvette,ggorvette54@hao123.com
186,Reube,Clapson,rclapson55@blinklist.com
187,Hedvig,Baddoe,hbaddoe56@home.pl
188,Kelwin,Behnecke,kbehnecke57@comsenz.com
189,Gunther,Currie,gcurrie58@slashdot.org
190,Kelly,Melior,kmelior59@time.com
191,Junia,Allott,jallott5a@jugem.jp
192,Franciska,Vodden,fvodden5b@java.com
193,Dannie,Stirling,dstirling5c@patch.com
194,Eduardo,Eim,eeim5d@vimeo.com
195,Kamilah,Harby,kharby5e@huffingtonpost.com
196,Sephira,Wimbury,swimbury5f@ted.com
197,Lucita,Millwall,lmillwall5g@vk.com
198,Justina,Muscat,jmuscat5h@google.ca
199,Gael,St. Quintin,gstquintin5i@goodreads.com
200,Babbette,Benard,bbenard5j@arstechnica.com
201,Ram,Godehard.sf,rgodehardsf5k@printfriendly.com
202,Sawyer,Loosmore,sloosmore5l@zimbio.com
203,Riccardo,Hof,rhof5m@nydailynews.com
204,Binny,Gansbuhler,bgansbuhler5n@miitbeian.gov.cn
205,Winslow,Jewel,wjewel5o@wsj.com
206,Sansone,Lunbech,slunbech5p@phpbb.com
207,Ermanno,Kingsly,ekingsly5q@apache.org
208,Petra,Bartkowiak,pbartkowiak5r@chicagotribune.com
209,Chadwick,Ruttgers,cruttgers5s@si.edu
210,Trev,Reiner,treiner5t@mapy.cz
211,Desiri,McKeag,dmckeag5u@cbc.ca
212,Valeria,Lettley,vlettley5v@twitter.com
213,Lucita,Wisedale,lwisedale5w@google.ru
214,Sunny,Honisch,shonisch5x@pen.io
215,Tarrance,Fearney,tfearney5y@oracle.com
216,Marisa,McWhinnie,mmcwhinnie5z@soup.io
217,Cully,Ruscoe,cruscoe60@ezinearticles.com
218,Benn,Sisneros,bsisneros61@gravatar.com
219,Terrance,Mendenhall,tmendenhall62@apache.org
220,Tanny,Roylance,troylance63@cmu.edu
221,Alford,Baynon,abaynon64@hatena.ne.jp
222,Veradis,Gutcher,vgutcher65@so-net.ne.jp
223,Etta,Maytum,emaytum66@yahoo.co.jp
224,Teirtza,Mallatratt,tmallatratt67@skype.com
225,Karilynn,Wightman,kwightman68@tinyurl.com
226,Geno,Foli,gfoli69@state.tx.us
227,Vasily,Thackham,vthackham6a@deliciousdays.com
228,Orlando,Incogna,oincogna6b@yahoo.co.jp
229,Cello,Tiner,ctiner6c@paginegialle.it
230,Jarrett,Courtliff,jcourtliff6d@cpanel.net
231,Oralie,Kellet,okellet6e@blinklist.com
232,Neville,Saker,nsaker6f@marriott.com
233,Quentin,Eytel,qeytel6g@mapy.cz
234,Angelle,Roizn,aroizn6h@networkadvertising.org
235,Cornela,Leynton,cleynton6i@admin.ch
236,Gene,Kettlestringe,gkettlestringe6j@altervista.org
237,Humbert,Skittrell,hskittrell6k@uiuc.edu
238,Jacquetta,Moberley,jmoberley6l@census.gov
239,Kelby,Allsebrook,kallsebrook6m@pcworld.com
240,Guillemette,Hazeldine,ghazeldine6n@gmpg.org
241,Lani,Klulicek,lklulicek6o@shop-pro.jp
242,Tiffi,Fairholme,tfairholme6p@arizona.edu
243,Birgitta,Bullock,bbullock6q@hao123.com
244,Finn,Nerney,fnerney6r@flickr.com
245,Elaina,Woodrough,ewoodrough6s@upenn.edu
246,Kori,Hanny,khanny6t@amazon.com
247,Merrilee,Adacot,madacot6u@bandcamp.com
248,Dorey,Scaife,dscaife6v@miibeian.gov.cn
249,Corabel,Fidgeon,cfidgeon6w@google.co.jp
250,Lalo,Bold,lbold6x@ibm.com
251,Heidie,Eslinger,heslinger6y@xrea.com
252,Milka,Castanos,mcastanos6z@cbsnews.com
253,Alasdair,Togher,atogher70@elegantthemes.com
254,Cynthy,Book,cbook71@delicious.com
255,Evelyn,Biagioni,ebiagioni72@vinaora.com
256,Jayne,Skeene,jskeene73@irs.gov
257,Franky,Shenfish,fshenfish74@fc2.com
258,Dore,Russell,drussell75@over-blog.com
259,Rose,Hillborne,rhillborne76@yellowbook.com
260,Cary,Currall,ccurrall77@t-online.de
261,Rahel,Gyer,rgyer78@hostgator.com
262,Manya,Jikovsky,mjikovsky79@epa.gov
263,Stavros,Studholme,sstudholme7a@blogs.com
264,Enriqueta,Kennsley,ekennsley7b@dion.ne.jp
265,Ileane,Folomin,ifolomin7c@mashable.com
266,Loraine,Lavery,llavery7d@jimdo.com
267,Fletcher,Hartnup,fhartnup7e@hp.com
268,Lindi,Aburrow,laburrow7f@jiathis.com
269,Basilio,Gault,bgault7g@jiathis.com
270,Anjela,Dionisi,adionisi7h@github.com
271,Philis,Dunbavin,pdunbavin7i@cdc.gov
272,Meghan,Vigietti,mvigietti7j@instagram.com
273,Anna,Fernie,afernie7k@icio.us
274,Sargent,Neilus,sneilus7l@posterous.com
275,Jobey,Hardway,jhardway7m@mit.edu
276,Tersina,Brisley,tbrisley7n@rakuten.co.jp
277,Der,Laffranconi,dlaffranconi7o@wikipedia.org
278,Wilhelmina,Domingues,wdomingues7p@dailymail.co.uk
279,Delmar,Sussans,dsussans7q@meetup.com
280,Thurston,Grouer,tgrouer7r@prlog.org
281,Zelda,Tarpey,ztarpey7s@nymag.com
282,Gabrielle,Joubert,gjoubert7t@wired.com
283,Rhetta,Baylis,rbaylis7u@unesco.org
284,Bernardine,Fone,bfone7v@ucoz.com
285,Romona,Assante,rassante7w@tinypic.com
286,Carmon,Kingsly,ckingsly7x@cafepress.com
287,Sherwood,Willoughley,swilloughley7y@alibaba.com
288,Tatiana,Medhurst,tmedhurst7z@cdbaby.com
289,Kerrin,Lauder,klauder80@networksolutions.com
290,Clare,Midford,cmidford81@economist.com
291,Tammie,Walczak,twalczak82@youtube.com
292,Sharyl,Claisse,sclaisse83@indiatimes.com
293,Aguistin,Buche,abuche84@usnews.com
294,Virgilio,Ausello,vausello85@macromedia.com
295,Dirk,Newstead,dnewstead86@discovery.com
296,Ariella,Evreux,aevreux87@salon.com
297,Brigit,Pluvier,bpluvier88@yale.edu
298,Clair,Baldack,cbaldack89@webeden.co.uk
299,Krystalle,Comizzoli,kcomizzoli8a@bigcartel.com
300,Clim,Shailer,cshailer8b@dropbox.com
301,Sada,Dring,sdring8c@twitter.com
302,Olympe,Tother,otother8d@blogspot.com
303,Vanny,Walburn,vwalburn8e@naver.com
304,Maryl,Rickword,mrickword8f@unesco.org
305,Norine,Cran,ncran8g@miibeian.gov.cn
306,Debi,Bisiker,dbisiker8h@yale.edu
307,Melonie,Robelet,mrobelet8i@vk.com
308,Jedidiah,Ronci,jronci8j@discovery.com
309,Maison,Pennycord,mpennycord8k@gnu.org
310,Sebastiano,Gallo,sgallo8l@sfgate.com
311,Teodoor,Buxey,tbuxey8m@list-manage.com
312,Elsey,Christoffersen,echristoffersen8n@domainmarket.com
313,Tobie,Darrel,tdarrel8o@bigcartel.com
314,Fae,Sucre,fsucre8p@epa.gov
315,Timmie,Livard,tlivard8q@hhs.gov
316,Aeriela,Stonhouse,astonhouse8r@google.fr
317,Geoff,McLarens,gmclarens8s@blinklist.com
318,Moreen,Adamovich,madamovich8t@nytimes.com
319,Gael,Venus,gvenus8u@wisc.edu
320,Alanah,Schenkel,aschenkel8v@topsy.com
321,Marion,Arnull,marnull8w@reverbnation.com
322,Arnie,Coltan,acoltan8x@wikimedia.org
323,Joshuah,Schooley,jschooley8y@independent.co.uk
324,Sib,Extal,sextal8z@cargocollective.com
325,Belva,Halleybone,bhalleybone90@merriam-webster.com
326,Min,Mees,mmees91@washington.edu
327,Maggie,Weeden,mweeden92@gnu.org
328,Gnni,Oxnam,goxnam93@wordpress.org
329,Donelle,Broske,dbroske94@furl.net
330,Fallon,Hallick,fhallick95@bizjournals.com
331,Kellen,Hennington,khennington96@google.nl
332,Juana,Mugglestone,jmugglestone97@businesswire.com
333,Elisha,Jaksic,ejaksic98@ameblo.jp
334,Latrena,Jencken,ljencken99@webs.com
335,Ulrikaumeko,Schaffler,uschaffler9a@amazon.de
336,Allegra,Peppard,apeppard9b@phpbb.com
337,Pooh,Peerless,ppeerless9c@bloglines.com
338,Cherin,Perfili,cperfili9d@sogou.com
339,Silvio,Synan,ssynan9e@wordpress.org
340,Hildegaard,Wooland,hwooland9f@ebay.co.uk
341,Demetre,McConville,dmcconville9g@prweb.com
342,Salem,Leither,sleither9h@nhs.uk
343,Tallie,Martelet,tmartelet9i@godaddy.com
344,Melisse,Swanton,mswanton9j@loc.gov
345,Willey,Crigin,wcrigin9k@jigsy.com
346,Olivero,MacCartney,omaccartney9l@cisco.com
347,Hagen,Eadmeads,headmeads9m@yelp.com
348,Rikki,Harwell,rharwell9n@jimdo.com
349,Gusta,Fludgate,gfludgate9o@google.co.jp
350,Lombard,Leupold,lleupold9p@hibu.com
351,Emmalynn,Sabine,esabine9q@noaa.gov
352,Archer,Pregal,apregal9r@quantcast.com
353,Brita,Glasner,bglasner9s@godaddy.com
354,Wendeline,Langham,wlangham9t@typepad.com
355,Nessi,Hansill,nhansill9u@mozilla.org
356,Kele,Franses,kfranses9v@mlb.com
357,Irwinn,Ege,iege9w@gnu.org
358,Vale,Sapson,vsapson9x@bloomberg.com
359,Oliviero,Sloper,osloper9y@about.me
360,Broderick,Maruszewski,bmaruszewski9z@nationalgeographic.com
361,Loise,Colafate,lcolafatea0@sbwire.com
362,Emiline,Tschiersch,etschierscha1@exblog.jp
363,Corie,Gavrielli,cgavriellia2@google.fr
364,Derk,Stoller,dstollera3@php.net
365,Lilla,Cossam,lcossama4@nba.com
366,Blinnie,Troni,btronia5@hubpages.com
367,Sybila,Yurukhin,syurukhina6@wikispaces.com
368,Christel,Brankley,cbrankleya7@ucoz.ru
369,Brianna,Shallo,bshalloa8@senate.gov
370,Vonny,Gavozzi,vgavozzia9@tumblr.com
371,Augy,Cleobury,acleoburyaa@a8.net
372,Roosevelt,Lord,rlordab@webmd.com
373,Noami,Pellew,npellewac@nhs.uk
374,Lanny,Elfitt,lelfittad@economist.com
375,Deirdre,Moohan,dmoohanae@dailymotion.com
376,Reinhold,Earey,reareyaf@ft.com
377,Albina,Mulrooney,amulrooneyag@jimdo.com
378,Kristin,Shouler,kshoulerah@aboutads.info
379,Jaquelyn,Alwin,jalwinai@twitpic.com
380,Ruperto,Cutill,rcutillaj@eventbrite.com
381,Bancroft,Chappel,bchappelak@whitehouse.gov
382,Riley,Crosser,rcrosseral@google.ru
383,Daryn,Domnick,ddomnickam@cdbaby.com
384,Avrom,Bosket,abosketan@dell.com
385,Frannie,Wanstall,fwanstallao@so-net.ne.jp
386,Evita,Deaville,edeavilleap@prlog.org
387,Wernher,Roderigo,wroderigoaq@nba.com
388,Nelly,Boothby,nboothbyar@hugedomains.com
389,Obediah,Easterby,oeasterbyas@mozilla.org
390,Berte,Slewcock,bslewcockat@prweb.com
391,Magdalene,De Brett,mdebrettau@jimdo.com
392,Laney,Trussler,ltrusslerav@fda.gov
393,Karita,Harce,kharceaw@dailymail.co.uk
394,Wilden,Jobern,wjobernax@homestead.com
395,Ainsley,Baudy,abaudyay@narod.ru
396,Darda,Tellenbrook,dtellenbrookaz@abc.net.au
397,Harvey,Flounders,hfloundersb0@shop-pro.jp
398,Ofella,Hamelyn,ohamelynb1@g.co
399,Frankie,Neaverson,fneaversonb2@vinaora.com
400,Neale,Cawthra,ncawthrab3@yale.edu
401,Bella,Wardall,bwardallb4@vistaprint.com
402,Nessa,Gellibrand,ngellibrandb5@dropbox.com
403,Kelila,Kenryd,kkenrydb6@ucla.edu
404,Rriocard,Schaffler,rschafflerb7@unblog.fr
405,Tallie,Caustick,tcaustickb8@npr.org
406,Lind,Culy,lculyb9@wordpress.com
407,Aldric,Salsberg,asalsbergba@gravatar.com
408,Terrijo,Gunny,tgunnybb@technorati.com
409,Lonna,Athow,lathowbc@vk.com
410,Maddy,Waples,mwaplesbd@nsw.gov.au
411,Timmie,Lukianov,tlukianovbe@uiuc.edu
412,Eartha,Esmond,eesmondbf@un.org
413,Car,Grinnov,cgrinnovbg@delicious.com
414,Jeffry,Willmer,jwillmerbh@amazon.com
415,Liz,Tivnan,ltivnanbi@vkontakte.ru
416,Ursulina,Joron,ujoronbj@bloglovin.com
417,Von,Dowdle,vdowdlebk@nytimes.com
418,Clementine,Casali,ccasalibl@google.de
419,Wayland,Helversen,whelversenbm@shareasale.com
420,Caddric,Cutten,ccuttenbn@ucsd.edu
421,Gino,Wildgoose,gwildgoosebo@shop-pro.jp
422,Molli,Ibbetson,mibbetsonbp@youku.com
423,Isis,Oyley,ioyleybq@icio.us
424,Ellis,Poynzer,epoynzerbr@paginegialle.it
425,Emiline,Hattigan,ehattiganbs@xinhuanet.com
426,Helge,Castagnone,hcastagnonebt@sphinn.com
427,Korie,Totton,ktottonbu@sfgate.com
428,Leonerd,Spatari,lspataribv@lycos.com
429,Hubie,Britt,hbrittbw@ocn.ne.jp
430,Emilie,Dendle,edendlebx@marketwatch.com
431,Ingra,Maulin,imaulinby@tripod.com
432,Lynnelle,Tirte,ltirtebz@privacy.gov.au
433,Nestor,Girardini,ngirardinic0@g.co
434,Broddie,Mylan,bmylanc1@ebay.com
435,Margery,Riseborough,mriseboroughc2@google.nl
436,Laurent,Keenlyside,lkeenlysidec3@seattletimes.com
437,Julee,Chisman,jchismanc4@samsung.com
438,Elka,Doogood,edoogoodc5@weibo.com
439,Rory,Noddings,rnoddingsc6@sakura.ne.jp
440,Antonius,Broyd,abroydc7@printfriendly.com
441,Teri,Larrington,tlarringtonc8@1688.com
442,Fedora,McPeeters,fmcpeetersc9@mtv.com
443,Cathlene,Larrie,clarrieca@opensource.org
444,Germaine,Thorlby,gthorlbycb@noaa.gov
445,Flossi,Matyukon,fmatyukoncc@virginia.edu
446,Trescha,Cuddihy,tcuddihycd@gravatar.com
447,Bran,Massard,bmassardce@mit.edu
448,Cherry,Clarage,cclaragecf@go.com
449,Freedman,Davidovici,fdavidovicicg@ted.com
450,Harmony,Eagar,heagarch@nsw.gov.au
451,Mei,Phipard-Shears,mphipardshearsci@statcounter.com
452,Xenia,Frugier,xfrugiercj@ed.gov
453,Sharla,Knowles,sknowlesck@indiegogo.com
454,Bertrand,Phelipeau,bphelipeaucl@google.cn
455,Jillana,Pasby,jpasbycm@statcounter.com
456,Danila,Bolderstone,dbolderstonecn@illinois.edu
457,Rowe,Yurenev,ryurenevco@mediafire.com
458,Roobbie,Livett,rlivettcp@arizona.edu
459,Cull,Horwell,chorwellcq@discovery.com
460,Ruprecht,McComiskie,rmccomiskiecr@imdb.com
461,Darbee,McCane,dmccanecs@webmd.com
462,Lukas,Edgell,ledgellct@istockphoto.com
463,Hughie,Ironmonger,hironmongercu@marketwatch.com
464,Leroi,Timpany,ltimpanycv@va.gov
465,Timofei,Pendrich,tpendrichcw@time.com
466,Lynnell,Crocken,lcrockencx@europa.eu
467,Rog,Sherston,rsherstoncy@uol.com.br
468,Leese,Josum,ljosumcz@amazon.de
469,Lek,Wincom,lwincomd0@de.vu
470,Fidelio,Ropking,fropkingd1@simplemachines.org
471,Lou,Grima,lgrimad2@chronoengine.com
472,Tressa,McCrudden,tmccruddend3@imgur.com
473,Fionnula,Runsey,frunseyd4@jiathis.com
474,Malia,Mattheissen,mmattheissend5@w3.org
475,Kerwin,Dimanche,kdimanched6@wordpress.org
476,Mab,Dyter,mdyterd7@geocities.com
477,Ryann,Karpychev,rkarpychevd8@behance.net
478,Deni,Widdocks,dwiddocksd9@constantcontact.com
479,Sherwynd,Lisamore,slisamoreda@mit.edu
480,Gram,Mozzi,gmozzidb@mapy.cz
481,Andres,Kyle,akyledc@bravesites.com
482,Janette,Wilcot,jwilcotdd@soundcloud.com
483,Neila,Nisby,nnisbyde@weather.com
484,Salaidh,Cahalin,scahalindf@storify.com
485,Brandtr,Verduin,bverduindg@newsvine.com
486,Grace,Entres,gentresdh@salon.com
487,Lisette,Van de Castele,lvandecasteledi@bbb.org
488,Zechariah,Josh,zjoshdj@people.com.cn
489,Teodoro,Sturges,tsturgesdk@amazon.co.uk
490,Basilius,Goacher,bgoacherdl@msn.com
491,Noak,Balnave,nbalnavedm@webs.com
492,Tanner,Smurfitt,tsmurfittdn@goodreads.com
493,Shanta,Yurkov,syurkovdo@comsenz.com
494,Hyman,Odams,hodamsdp@house.gov
495,Chantal,Atwill,catwilldq@walmart.com
496,Emogene,Rama,eramadr@sciencedaily.com
497,Jsandye,Adcocks,jadcocksds@wordpress.org
498,Halie,Temple,htempledt@taobao.com
499,Corby,Sicely,csicelydu@va.gov
500,Carny,Gilhooley,cgilhooleydv@umich.edu
501,Hew,Turneux,hturneuxdw@issuu.com
502,Grace,Handscomb,ghandscombdx@geocities.com
503,Dalli,Attoc,dattocdy@stanford.edu
504,Meade,Heape,mheapedz@clickbank.net
505,Edna,Menci,emencie0@amazon.co.jp
506,Monti,Lightbown,mlightbowne1@adobe.com
507,Leyla,Gonning,lgonninge2@mac.com
508,Joli,Girtin,jgirtine3@icio.us
509,Rochella,Hempshall,rhempshalle4@timesonline.co.uk
510,Edi,Frisdick,efrisdicke5@google.com.hk
511,Bianca,De Zuani,bdezuanie6@freewebs.com
512,Margo,Robrose,mrobrosee7@networksolutions.com
513,Ivett,Armsden,iarmsdene8@etsy.com
514,Lyle,Lapworth,llapworthe9@tumblr.com
515,Kristoforo,Mendel,kmendelea@time.com
516,Nicoline,Samter,nsamtereb@arizona.edu
517,Bonny,Menichi,bmenichiec@a8.net
518,Cassius,McDonnell,cmcdonnelled@hubpages.com
519,Sayres,Ailmer,sailmeree@angelfire.com
520,Ebba,Attoe,eattoeef@nymag.com
521,Melisent,Binge,mbingeeg@fastcompany.com
522,Glynda,Wardley,gwardleyeh@wufoo.com
523,Christoffer,Sweetman,csweetmanei@ehow.com
524,Latrina,Macquire,lmacquireej@soundcloud.com
525,Brenna,Lennie,blennieek@yahoo.com
526,Viviana,Eede,veedeel@livejournal.com
527,Guglielmo,Jendrich,gjendrichem@xing.com
528,Staci,Barlace,sbarlaceen@va.gov
529,Berty,Spinello,bspinelloeo@xinhuanet.com
530,Alex,Gamwell,agamwellep@unicef.org
531,Pepita,De Leek,pdeleekeq@tinypic.com
532,Bobbie,Guiducci,bguiduccier@jugem.jp
533,Gerianna,Kelston,gkelstones@people.com.cn
534,Erasmus,Beynkn,ebeynknet@mysql.com
535,Stanfield,MacKeeg,smackeegeu@privacy.gov.au
536,Butch,Penhalewick,bpenhalewickev@typepad.com
537,Hayden,Sargood,hsargoodew@google.cn
538,Barris,Stot,bstotex@si.edu
539,Sven,McMillan,smcmillaney@bluehost.com
540,Aurelia,Roloff,aroloffez@yale.edu
541,Elsinore,Poxson,epoxsonf0@mtv.com
542,Henka,Gerdts,hgerdtsf1@bbb.org
543,Nicole,Doyle,ndoylef2@live.com
544,Jacobo,Ogbourne,jogbournef3@symantec.com
545,Dianna,Lutwidge,dlutwidgef4@free.fr
546,Mendie,Lemerle,mlemerlef5@multiply.com
547,Dora,Boatwright,dboatwrightf6@xrea.com
548,Daryl,Ansett,dansettf7@hud.gov
549,Doe,Kleinbaum,dkleinbaumf8@businessweek.com
550,Bonita,Newbery,bnewberyf9@youku.com
551,Asia,Trillow,atrillowfa@merriam-webster.com
552,Nissa,Jiricka,njirickafb@nba.com
553,Carry,Linny,clinnyfc@liveinternet.ru
554,Damaris,Grellis,dgrellisfd@netvibes.com
555,Letti,Neaverson,lneaversonfe@list-manage.com
556,Bonnibelle,Hurley,bhurleyff@ted.com
557,Maximilian,McGovern,mmcgovernfg@t-online.de
558,Cathy,Tremelling,ctremellingfh@infoseek.co.jp
559,Corrie,Knevet,cknevetfi@howstuffworks.com
560,Layton,Olivella,lolivellafj@rambler.ru
561,Neel,Randerson,nrandersonfk@addtoany.com
562,Geordie,Tincey,gtinceyfl@shutterfly.com
563,Maurise,Flavelle,mflavellefm@oaic.gov.au
564,Lazar,Juszczyk,ljuszczykfn@nyu.edu
565,Latrena,Zorzetti,lzorzettifo@slashdot.org
566,Fanny,Casiero,fcasierofp@amazon.co.jp
567,Harold,Cordell,hcordellfq@ifeng.com
568,Melody,Frowde,mfrowdefr@netscape.com
569,Silvio,Pally,spallyfs@nature.com
570,Herbert,Hindrick,hhindrickft@soundcloud.com
571,Cullan,MacCroary,cmaccroaryfu@latimes.com
572,Rosmunda,Peddar,rpeddarfv@123-reg.co.uk
573,Rhodia,Maw,rmawfw@jugem.jp
574,Elysee,Clemow,eclemowfx@mlb.com
575,Karl,Gurton,kgurtonfy@sina.com.cn
576,Garrik,Shirlaw,gshirlawfz@jalbum.net
577,Rockwell,Broadbridge,rbroadbridgeg0@reuters.com
578,Ulick,Eames,ueamesg1@simplemachines.org
579,Cordie,Halwood,chalwoodg2@unicef.org
580,Belvia,Pitone,bpitoneg3@examiner.com
581,Fredia,Van Arsdall,fvanarsdallg4@google.ru
582,Stafani,Hardwin,shardwing5@squidoo.com
583,Kimble,Cramp,kcrampg6@businesswire.com
584,Adelind,Bosquet,abosquetg7@indiatimes.com
585,Elmer,Bowlands,ebowlandsg8@a8.net
586,Zena,Muspratt,zmusprattg9@vinaora.com
587,Vasily,Swindall,vswindallga@squarespace.com
588,Reynold,McLarens,rmclarensgb@reference.com
589,Cordie,Vince,cvincegc@dion.ne.jp
590,Julio,Iaduccelli,jiaduccelligd@eepurl.com
591,Theda,MacRierie,tmacrieriege@acquirethisname.com
592,Petra,Pfaffe,ppfaffegf@nymag.com
593,Ruggiero,Hulett,rhulettgg@jiathis.com
594,Elroy,Sheals,eshealsgh@clickbank.net
595,Jack,McAlinion,jmcaliniongi@360.cn
596,Elle,Paten,epatengj@opera.com
597,Gerome,Jerrans,gjerransgk@adobe.com
598,Sosanna,Platts,splattsgl@lulu.com
599,Natty,Ivimy,nivimygm@xrea.com
600,Sonnie,Schimonek,sschimonekgn@wikispaces.com
601,Hewet,Masdon,hmasdongo@histats.com
602,Virgie,Penchen,vpenchengp@abc.net.au
603,Renie,Ollcott,rollcottgq@networksolutions.com
604,Francyne,Barrat,fbarratgr@pbs.org
605,Candida,Walesa,cwalesags@marketwatch.com
606,Linzy,Schoenrock,lschoenrockgt@google.com.au
607,Bondy,Prendeguest,bprendeguestgu@tumblr.com
608,Brian,MacNaughton,bmacnaughtongv@51.la
609,Madalyn,Shorton,mshortongw@hubpages.com
610,Ericha,Waddup,ewaddupgx@google.ru
611,Kendra,Ankrett,kankrettgy@ustream.tv
612,Saul,Godsal,sgodsalgz@theatlantic.com
613,Gradeigh,Dade,gdadeh0@barnesandnoble.com
614,Lusa,Anthona,lanthonah1@privacy.gov.au
615,Garey,Donaghy,gdonaghyh2@acquirethisname.com
616,Chan,Kender,ckenderh3@123-reg.co.uk
617,Stacee,MacWilliam,smacwilliamh4@accuweather.com
618,Onfroi,Hiddersley,ohiddersleyh5@vistaprint.com
619,Fifine,Culleton,fculletonh6@imdb.com
620,Kira,Note,knoteh7@livejournal.com
621,Codie,Tuddenham,ctuddenhamh8@princeton.edu
622,Kessiah,Marriot,kmarrioth9@soup.io
623,Vonnie,Alcido,valcidoha@rediff.com
624,Alisha,Cassar,acassarhb@alibaba.com
625,Rozanna,Sandhill,rsandhillhc@upenn.edu
626,Piggy,Fillis,pfillishd@dion.ne.jp
627,Charissa,Glasard,cglasardhe@reference.com
628,Connie,Mathou,cmathouhf@merriam-webster.com
629,Geoff,Dutton,gduttonhg@cbc.ca
630,Savina,Kamienski,skamienskihh@theguardian.com
631,Chas,Rowen,crowenhi@un.org
632,Harcourt,Farfalameev,hfarfalameevhj@tinypic.com
633,Creight,Unworth,cunworthhk@google.cn
634,Elyssa,Maffucci,emaffuccihl@tripadvisor.com
635,Jilly,Kersaw,jkersawhm@examiner.com
636,Scot,Lilley,slilleyhn@1688.com
637,Leontine,Dinkin,ldinkinho@stanford.edu
638,Joane,Medina,jmedinahp@amazonaws.com
639,Lulita,Christofle,lchristoflehq@squidoo.com
640,Ambrosius,Stebbings,astebbingshr@home.pl
641,Nev,Lardge,nlardgehs@amazonaws.com
642,Ada,Rout,aroutht@wix.com
643,Erena,Hatch,ehatchhu@domainmarket.com
644,Krystal,Artinstall,kartinstallhv@reverbnation.com
645,Dena,Skinn,dskinnhw@ox.ac.uk
646,Pippa,Wiper,pwiperhx@hao123.com
647,Ruth,Slowley,rslowleyhy@mail.ru
648,Bernadette,Bresnahan,bbresnahanhz@jugem.jp
649,Nicky,Pinsent,npinsenti0@usa.gov
650,Michael,Halm,mhalmi1@sourceforge.net
651,Verine,Garmey,vgarmeyi2@alibaba.com
652,Ward,Crayk,wcrayki3@wix.com
653,Modestia,Thomerson,mthomersoni4@feedburner.com
654,Claudianus,Blazi,cblazii5@dot.gov
655,Cyrill,Tarzey,ctarzeyi6@java.com
656,Rae,Dinse,rdinsei7@google.com.au
657,Marguerite,McCrackem,mmccrackemi8@gravatar.com
658,Pascal,Aumerle,paumerlei9@joomla.org
659,Leonora,Pleace,lpleaceia@eventbrite.com
660,Raimondo,Daltrey,rdaltreyib@123-reg.co.uk
661,Kenton,Bilsland,kbilslandic@soup.io
662,Cyrus,Genese,cgeneseid@wordpress.com
663,Jerald,Hakonsen,jhakonsenie@time.com
664,Olvan,Lengthorn,olengthornif@twitter.com
665,Cal,Figgess,cfiggessig@mediafire.com
666,Amalee,Georgot,ageorgotih@spiegel.de
667,Lizette,Evill,levillii@hubpages.com
668,Angelico,Brader,abraderij@youtube.com
669,Merle,Baudouin,mbaudouinik@google.com.au
670,Rutter,Hartnup,rhartnupil@unicef.org
671,Malva,Stewart,mstewartim@tinypic.com
672,Wright,Myles,wmylesin@earthlink.net
673,Lisa,Dosdale,ldosdaleio@sciencedirect.com
674,Jarret,Plaskett,jplaskettip@msn.com
675,Huntington,Tynnan,htynnaniq@unblog.fr
676,Myrna,Garden,mgardenir@nationalgeographic.com
677,Addie,Iacomettii,aiacomettiiis@accuweather.com
678,Elvina,Antoszczyk,eantoszczykit@cpanel.net
679,Georgeanna,Challiner,gchallineriu@storify.com
680,Kearney,Benediktovich,kbenediktovichiv@topsy.com
681,Peggi,Simunek,psimunekiw@sun.com
682,Lesya,Hadny,lhadnyix@unc.edu
683,Daune,Kornilov,dkorniloviy@quantcast.com
684,Carolan,Neenan,cneenaniz@xing.com
685,Deedee,Chantillon,dchantillonj0@senate.gov
686,Waiter,Watt,wwattj1@nps.gov
687,Vincenz,MacConchie,vmacconchiej2@google.com.br
688,Hillary,Seys,hseysj3@dagondesign.com
689,Emmye,Fley,efleyj4@w3.org
690,Jarid,Mitro,jmitroj5@utexas.edu
691,Grissel,Seabon,gseabonj6@tinypic.com
692,Meredith,Donneely,mdonneelyj7@gravatar.com
693,Patric,Corkish,pcorkishj8@vistaprint.com
694,Glynn,Gulberg,ggulbergj9@bandcamp.com
695,Halley,Sawkin,hsawkinja@t.co
696,Hilde,Hunsworth,hhunsworthjb@zimbio.com
697,Rey,Marnane,rmarnanejc@google.co.uk
698,Elsworth,Fassmann,efassmannjd@comsenz.com
699,Goddard,Rouff,grouffje@businessinsider.com
700,Breena,Hurdiss,bhurdissjf@mac.com
701,Winnifred,Spinelli,wspinellijg@google.com.hk
702,Jo-anne,Durston,jdurstonjh@indiegogo.com
703,Cynthea,Varley,cvarleyji@amazonaws.com
704,Cate,Borgne,cborgnejj@com.com
705,Harp,Wadge,hwadgejk@slideshare.net
706,Ozzy,Meddows,omeddowsjl@techcrunch.com
707,Scotti,Yglesia,syglesiajm@lycos.com
708,Imelda,Tolumello,itolumellojn@godaddy.com
709,Athene,De Goey,adegoeyjo@cdbaby.com
710,Amalee,Tillerton,atillertonjp@hud.gov
711,Ram,Gerrelts,rgerreltsjq@tinyurl.com
712,Miltie,Farley,mfarleyjr@state.gov
713,Gearalt,Malkie,gmalkiejs@lulu.com
714,Eb,Nenci,enencijt@symantec.com
715,Eirena,Lis,elisju@histats.com
716,Yetta,Westhofer,ywesthoferjv@indiatimes.com
717,Lemmie,MacCafferty,lmaccaffertyjw@technorati.com
718,Paulie,Birdis,pbirdisjx@infoseek.co.jp
719,Gasper,Smedley,gsmedleyjy@hatena.ne.jp
720,Elysia,Jeavons,ejeavonsjz@eventbrite.com
721,Cindra,Duckitt,cduckittk0@addthis.com
722,Ollie,Housbie,ohousbiek1@aol.com
723,Jermain,Twiggs,jtwiggsk2@independent.co.uk
724,Petronia,Velten,pveltenk3@cbsnews.com
725,Stanislas,Kingsnod,skingsnodk4@webs.com
726,Dyane,Cambden,dcambdenk5@tinyurl.com
727,Pavlov,Robyns,probynsk6@so-net.ne.jp
728,Drusilla,Slyde,dslydek7@feedburner.com
729,Ulrick,Poznanski,upoznanskik8@360.cn
730,Rozamond,Weerdenburg,rweerdenburgk9@dion.ne.jp
731,Gilligan,Henriques,ghenriqueska@discuz.net
732,Manny,Nevins,mnevinskb@ehow.com
733,Mitch,Arzu,marzukc@mapy.cz
734,Philippa,Lambot,plambotkd@gravatar.com
735,Barn,Willan,bwillanke@mlb.com
736,Nessie,Hassur,nhassurkf@wikipedia.org
737,Isaac,McKinie,imckiniekg@bbb.org
738,Orelle,Stuchbery,ostuchberykh@umich.edu
739,Joli,Erat,jeratki@hhs.gov
740,Wilhelmina,Gyngell,wgyngellkj@storify.com
741,Hoebart,Pilling,hpillingkk@blog.com
742,Alphard,Hatfull,ahatfullkl@google.com
743,Terencio,McCambridge,tmccambridgekm@forbes.com
744,Merwin,Taborre,mtaborrekn@arstechnica.com
745,Gigi,Le Guin,gleguinko@simplemachines.org
746,Francisco,Golden,fgoldenkp@noaa.gov
747,Caren,Simmonett,csimmonettkq@unc.edu
748,Eugenie,Phizakarley,ephizakarleykr@nhs.uk
749,Felizio,La Padula,flapadulaks@t-online.de
750,Bartlet,Hansmann,bhansmannkt@businessweek.com
751,Brandice,Farlambe,bfarlambeku@wp.com
752,Lexine,Skeath,lskeathkv@nature.com
753,Lazare,Collyear,lcollyearkw@multiply.com
754,Richy,Bwye,rbwyekx@tumblr.com
755,Frederic,Szymaniak,fszymaniakky@marketwatch.com
756,Aguistin,Paolazzi,apaolazzikz@nydailynews.com
757,Adah,Geyton,ageytonl0@chronoengine.com
758,Eba,Melmeth,emelmethl1@ibm.com
759,Allina,Baxstar,abaxstarl2@hao123.com
760,Jobie,Cosins,jcosinsl3@g.co
761,Christa,Baldery,cbalderyl4@slate.com
762,Fulvia,Jertz,fjertzl5@imageshack.us
763,Gavrielle,Ivashkov,givashkovl6@ehow.com
764,Rudolph,Lomath,rlomathl7@boston.com
765,Zaria,Goodbody,zgoodbodyl8@cornell.edu
766,Erroll,Putnam,eputnaml9@unc.edu
767,Gerianna,Pardoe,gpardoela@odnoklassniki.ru
768,Christyna,Brennand,cbrennandlb@exblog.jp
769,Min,Stonary,mstonarylc@tmall.com
770,Tersina,Rangell,trangellld@tinyurl.com
771,Malinde,Otton,mottonle@wufoo.com
772,Josefa,Vella,jvellalf@economist.com
773,Claresta,Siss,csisslg@craigslist.org
774,Cece,Merrison,cmerrisonlh@amazon.de
775,Brittany,Kitchingman,bkitchingmanli@ameblo.jp
776,Ringo,Undrill,rundrilllj@yahoo.com
777,Xavier,Attrey,xattreylk@chronoengine.com
778,Kirk,Meaker,kmeakerll@umich.edu
779,Wash,Gobel,wgobellm@nyu.edu
780,Vinny,Konrad,vkonradln@blog.com
781,Alta,Routledge,aroutledgelo@ox.ac.uk
782,Rustie,Scimonelli,rscimonellilp@eepurl.com
783,Joy,Redgate,jredgatelq@printfriendly.com
784,Kane,Putnam,kputnamlr@quantcast.com
785,Ricki,Hodgets,rhodgetsls@imgur.com
786,Dotty,Haycock,dhaycocklt@people.com.cn
787,Nikolai,Balston,nbalstonlu@sohu.com
788,Hilliard,Swinfen,hswinfenlv@archive.org
789,Maribeth,Bere,mberelw@homestead.com
790,Sean,Palk,spalklx@blogtalkradio.com
791,Micheil,Proven,mprovenly@shinystat.com
792,Ingrid,Melia,imelialz@cafepress.com
793,Harold,Beevers,hbeeversm0@mysql.com
794,Demetrius,Pockett,dpockettm1@redcross.org
795,Pattie,Satch,psatchm2@sfgate.com
796,Herve,Stillmann,hstillmannm3@smugmug.com
797,Glori,Kellington,gkellingtonm4@sbwire.com
798,Olwen,Jewers,ojewersm5@adobe.com
799,Cary,Hynard,chynardm6@seesaa.net
800,Tamar,Mille,tmillem7@vk.com
801,Maryanna,Collin,mcollinm8@apple.com
802,Clementina,Peert,cpeertm9@simplemachines.org
803,Shanna,Quartermain,squartermainma@wordpress.org
804,Wendy,Bullier,wbulliermb@cpanel.net
805,Alon,Galiero,agalieromc@newyorker.com
806,Broddy,Kerford,bkerfordmd@constantcontact.com
807,Minetta,Kirke,mkirkeme@elegantthemes.com
808,Estella,Goddard,egoddardmf@digg.com
809,Zara,Luparti,zlupartimg@macromedia.com
810,Barby,Chatters,bchattersmh@shareasale.com
811,Markos,Kilner,mkilnermi@independent.co.uk
812,Ellwood,Cavanagh,ecavanaghmj@samsung.com
813,Ira,Glavis,iglavismk@reverbnation.com
814,Cherye,Brambley,cbrambleyml@indiegogo.com
815,Ives,Chazelle,ichazellemm@cargocollective.com
816,Gasper,Lanham,glanhammn@amazonaws.com
817,Edythe,Gabotti,egabottimo@sohu.com
818,Pip,Doorbar,pdoorbarmp@washington.edu
819,Paolo,Arntzen,parntzenmq@constantcontact.com
820,Aguste,MacShirie,amacshiriemr@netscape.com
821,Randie,Janik,rjanikms@histats.com
822,Chelsea,Bastie,cbastiemt@dion.ne.jp
823,Katerine,Camois,kcamoismu@paginegialle.it
824,Sanson,Althorp,salthorpmv@amazon.co.uk
825,Babbette,Dillestone,bdillestonemw@pen.io
826,Eugenius,Spargo,espargomx@newyorker.com
827,Salaidh,Evitts,sevittsmy@livejournal.com
828,Ceciley,Figgs,cfiggsmz@behance.net
829,Margarita,Carnock,mcarnockn0@howstuffworks.com
830,Ethyl,Carlino,ecarlinon1@clickbank.net
831,Christopher,Kall,ckalln2@yahoo.co.jp
832,Wood,Lemme,wlemmen3@mozilla.com
833,Gabe,Frift,gfriftn4@wsj.com
834,Cobb,Milward,cmilwardn5@wordpress.org
835,Sloan,Wrathall,swrathalln6@ifeng.com
836,Bevvy,Hemeret,bhemeretn7@uol.com.br
837,Mag,Mecchi,mmecchin8@theatlantic.com
838,Kathrine,Presser,kpressern9@parallels.com
839,Kristine,Farndell,kfarndellna@furl.net
840,Kort,Gyrgorcewicx,kgyrgorcewicxnb@printfriendly.com
841,Whittaker,Giacomello,wgiacomellonc@tiny.cc
842,Meredith,Deaville,mdeavillend@reddit.com
843,Easter,Simoens,esimoensne@nymag.com
844,Evelin,Joscelin,ejoscelinnf@yellowbook.com
845,Freeman,Jarrold,fjarroldng@hp.com
846,Dael,Tubble,dtubblenh@dailymotion.com
847,Kristian,Monkley,kmonkleyni@ehow.com
848,Madlin,Meran,mmerannj@delicious.com
849,Alvan,Folland,afollandnk@si.edu
850,Catharina,Frowde,cfrowdenl@github.com
851,Sara-ann,Bunker,sbunkernm@yolasite.com
852,Blanca,Rattery,bratterynn@wunderground.com
853,Felisha,Spalls,fspallsno@github.com
854,Rachele,Jenman,rjenmannp@psu.edu
855,Ariana,Mathers,amathersnq@cbslocal.com
856,Cathy,Feronet,cferonetnr@nydailynews.com
857,Karl,Towey,ktoweyns@kickstarter.com
858,Addison,Heditch,aheditchnt@jalbum.net
859,Hortensia,Furse,hfursenu@salon.com
860,Helsa,Lightwood,hlightwoodnv@bizjournals.com
861,Mikaela,Roubay,mroubaynw@ezinearticles.com
862,Joelly,Baulcombe,jbaulcombenx@posterous.com
863,Shandie,Elmar,selmarny@netvibes.com
864,Delora,Pellitt,dpellittnz@utexas.edu
865,Benji,Spink,bspinko0@comsenz.com
866,Kathie,Zecchi,kzecchio1@nature.com
867,Krista,Braunlein,kbraunleino2@vkontakte.ru
868,Barn,Steaning,bsteaningo3@chicagotribune.com
869,Ezmeralda,Alcorn,ealcorno4@uiuc.edu
870,Tristam,Senchenko,tsenchenkoo5@soup.io
871,Pryce,Fanning,pfanningo6@lulu.com
872,Dagmar,Drakeley,ddrakeleyo7@redcross.org
873,Haily,Mertsching,hmertschingo8@blogspot.com
874,Gates,Norsworthy,gnorsworthyo9@scientificamerican.com
875,Brod,Colisbe,bcolisbeoa@people.com.cn
876,Beale,Cushelly,bcushellyob@microsoft.com
877,Siffre,M'cowis,smcowisoc@privacy.gov.au
878,Shannah,Gorgler,sgorglerod@google.fr
879,Mikol,North,mnorthoe@myspace.com
880,Lothario,Joutapavicius,ljoutapaviciusof@tamu.edu
881,Godart,Manktelow,gmanktelowog@sphinn.com
882,Bobbi,Skillington,bskillingtonoh@discuz.net
883,Susy,Jannex,sjannexoi@pen.io
884,Milo,Hallford,mhallfordoj@digg.com
885,Rockie,Jurczak,rjurczakok@msn.com
886,Zed,Gilfoy,zgilfoyol@paginegialle.it
887,Jacquelynn,Ovill,jovillom@dailymotion.com
888,Fanchon,Please,fpleaseon@last.fm
889,Penny,Badcock,pbadcockoo@webmd.com
890,Randi,Kidwell,rkidwellop@europa.eu
891,Coraline,Tanzer,ctanzeroq@intel.com
892,Errick,Alcott,ealcottor@netlog.com
893,Maible,Lovejoy,mlovejoyos@newyorker.com
894,Lory,Norcott,lnorcottot@dion.ne.jp
895,Dale,Garioch,dgariochou@nyu.edu
896,Zsazsa,Bitchener,zbitchenerov@ning.com
897,Gabbie,McCurdy,gmccurdyow@marriott.com
898,Rik,Meddows,rmeddowsox@businesswire.com
899,Nicholle,Rollins,nrollinsoy@ed.gov
900,Berenice,McCraine,bmccraineoz@icq.com
901,Thorny,Beatson,tbeatsonp0@washington.edu
902,Mattie,Westmore,mwestmorep1@google.cn
903,Cynthia,Dennington,cdenningtonp2@gravatar.com
904,Bertine,Prettyjohn,bprettyjohnp3@godaddy.com
905,Hildagard,Retallack,hretallackp4@squarespace.com
906,Consolata,Whiffen,cwhiffenp5@4shared.com
907,Babb,Braxton,bbraxtonp6@sourceforge.net
908,Kristyn,Instone,kinstonep7@de.vu
909,Solly,Pooley,spooleyp8@purevolume.com
910,Oswald,Wittman,owittmanp9@oaic.gov.au
911,Killian,Mazzeo,kmazzeopa@hubpages.com
912,Jelene,Eglin,jeglinpb@japanpost.jp
913,Cami,Gaynsford,cgaynsfordpc@reddit.com
914,Edin,Morrall,emorrallpd@booking.com
915,Penny,Broschek,pbroschekpe@aol.com
916,Jeanelle,Rourke,jrourkepf@apache.org
917,Anette,Ivashev,aivashevpg@deliciousdays.com
918,Trenton,Alexandersen,talexandersenph@sohu.com
919,Philippine,Sydes,psydespi@ca.gov
920,Karoline,Bamber,kbamberpj@time.com
921,Cathryn,Capps,ccappspk@jigsy.com
922,Hermine,Duthy,hduthypl@angelfire.com
923,Belle,Busain,bbusainpm@cbslocal.com
924,Dorita,Jeram,djerampn@skype.com
925,Jenica,Tomkies,jtomkiespo@elpais.com
926,Mariska,Santori,msantoripp@dagondesign.com
927,Noah,Jacox,njacoxpq@accuweather.com
928,Ceciley,Donnachie,cdonnachiepr@nifty.com
929,Maryjo,Waghorne,mwaghorneps@smugmug.com
930,Lisle,Midner,lmidnerpt@vistaprint.com
931,Tedi,Gerrelts,tgerreltspu@godaddy.com
932,Udale,Delacroix,udelacroixpv@homestead.com
933,Elsbeth,Battey,ebatteypw@google.it
934,Enid,Tomek,etomekpx@netvibes.com
935,Sarette,Hitter,shitterpy@comcast.net
936,Millie,Simunek,msimunekpz@imageshack.us
937,Adorne,Capp,acappq0@google.pl
938,Alameda,Ajsik,aajsikq1@nymag.com
939,Joly,Fintoph,jfintophq2@hhs.gov
940,Cammie,Yankin,cyankinq3@youtube.com
941,Giacomo,Kingerby,gkingerbyq4@adobe.com
942,James,Henriet,jhenrietq5@washingtonpost.com
943,Malinda,Coldbath,mcoldbathq6@w3.org
944,Melody,Cupitt,mcupittq7@phpbb.com
945,Gussy,Sanzio,gsanzioq8@free.fr
946,Appolonia,Fromant,afromantq9@irs.gov
947,Ramon,Lincey,rlinceyqa@techcrunch.com
948,Lin,Dubois,lduboisqb@va.gov
949,Jameson,Preston,jprestonqc@freewebs.com
950,Frederich,Alder,falderqd@biblegateway.com
951,Kayne,Gley,kgleyqe@kickstarter.com
952,Sondra,Surguine,ssurguineqf@samsung.com
953,Baxter,O'Lehane,bolehaneqg@chron.com
954,Griffie,Bachanski,gbachanskiqh@nps.gov
955,Dar,Waplington,dwaplingtonqi@wired.com
956,Edie,Leadley,eleadleyqj@stumbleupon.com
957,Mariska,Harcase,mharcaseqk@nih.gov
958,Trista,Gothup,tgothupql@npr.org
959,Alice,Gledhall,agledhallqm@google.cn
960,Francyne,McClory,fmccloryqn@exblog.jp
961,Klara,Oby,kobyqo@cbslocal.com
962,Chet,Fantone,cfantoneqp@ameblo.jp
963,Alma,Yeates,ayeatesqq@theguardian.com
964,Morgana,Perrelli,mperrelliqr@netlog.com
965,Bryan,Taill,btaillqs@indiatimes.com
966,Edmund,Jersch,ejerschqt@nydailynews.com
967,Hulda,Pashler,hpashlerqu@dagondesign.com
968,Rebe,Giraudoux,rgiraudouxqv@imgur.com
969,Filberte,Elgie,felgieqw@google.pl
970,Nichole,Buzine,nbuzineqx@jugem.jp
971,Wendeline,Brookbank,wbrookbankqy@ameblo.jp
972,Nance,Garbett,ngarbettqz@constantcontact.com
973,Bourke,Harriagn,bharriagnr0@independent.co.uk
974,Peri,Steinham,psteinhamr1@symantec.com
975,Louie,Birbeck,lbirbeckr2@t-online.de
976,Joellen,Matchitt,jmatchittr3@cloudflare.com
977,Jaquelin,Scutching,jscutchingr4@msu.edu
978,Cynthie,Blofeld,cblofeldr5@slate.com
979,Cecilla,Tolossi,ctolossir6@wordpress.org
980,Kaja,Stein,ksteinr7@jugem.jp
981,Bessy,Hewins,bhewinsr8@webmd.com
982,Warren,Guyers,wguyersr9@is.gd
983,Stephine,Carnalan,scarnalanra@sohu.com
984,Jimmie,Chatres,jchatresrb@addtoany.com
985,Jakob,Patriche,jpatricherc@uol.com.br
986,Hilly,Wallice,hwallicerd@com.com
987,Samantha,Malter,smalterre@vimeo.com
988,Tamma,Hawick,thawickrf@wordpress.org
989,Karlen,Maple,kmaplerg@vkontakte.ru
990,Hillyer,Morat,hmoratrh@nih.gov
991,Marys,Madrell,mmadrellri@163.com
992,Margaux,Kinmond,mkinmondrj@dagondesign.com
993,Seana,Scarff,sscarffrk@virginia.edu
994,Frants,Woodruffe,fwoodrufferl@mapy.cz
995,Berte,Lyddiard,blyddiardrm@marriott.com
996,Maurine,Singers,msingersrn@cnn.com
997,Zelig,Kmieciak,zkmieciakro@tinypic.com
998,Bettye,Skyme,bskymerp@nyu.edu
999,Alyce,Aylin,aaylinrq@xrea.com
1000,Charlena,Aronow,caronowrr@networksolutions.com
